{"stats":{"minecraft:killed":{"minecraft:pig":2},"minecraft:dropped":{"minecraft:sweet_berries":4},"minecraft:crafted":{"minecraft:cooked_porkchop":4,"minecraft:crafting_table":2,"minecraft:spruce_slab":6,"minecraft:spruce_planks":28,"minecraft:stick":8,"minecraft:wooden_pickaxe":1,"minecraft:stone_pickaxe":1,"minecraft:wooden_axe":1,"minecraft:furnace":1,"minecraft:stone_axe":1,"minecraft:air":0},"minecraft:mined":{"minecraft:large_fern":1,"minecraft:purple_bed":1,"minecraft:furnace":1,"minecraft:sweet_berry_bush":3,"minecraft:spruce_log":7,"minecraft:powder_snow":15,"minecraft:potted_poppy":1,"minecraft:crafting_table":1,"minecraft:blast_furnace":1,"minecraft:grass_block":2,"minecraft:coal_ore":5,"minecraft:purple_carpet":1,"minecraft:dirt":10,"minecraft:cobblestone":1,"minecraft:spruce_leaves":2,"minecraft:stone":14,"minecraft:sugar_cane":9,"minecraft:oak_leaves":5},"minecraft:used":{"minecraft:wooden_axe":3,"minecraft:flower_pot":1,"minecraft:bread":5,"minecraft:spruce_slab":3,"minecraft:stone_pickaxe":4,"minecraft:iron_helmet":1,"minecraft:wooden_pickaxe":20,"minecraft:iron_chestplate":1,"minecraft:dirt":10,"minecraft:cobblestone":1,"minecraft:purple_bed":1,"minecraft:crafting_table":3,"minecraft:furnace":2,"minecraft:cooked_porkchop":4,"minecraft:blast_furnace":1,"minecraft:purple_carpet":1},"minecraft:picked_up":{"minecraft:crafting_table":1,"minecraft:flower_pot":1,"minecraft:sweet_berries":4,"minecraft:porkchop":8,"minecraft:blast_furnace":1,"minecraft:spruce_log":7,"minecraft:dirt":12,"minecraft:purple_carpet":1,"minecraft:purple_bed":1,"minecraft:poppy":1,"minecraft:sugar_cane":32,"minecraft:coal":9,"minecraft:cobblestone":15,"minecraft:furnace":1},"minecraft:custom":{"minecraft:time_since_rest":37680,"minecraft:sprint_one_cm":136626,"minecraft:interact_with_furnace":8,"minecraft:damage_taken":362,"minecraft:walk_one_cm":80233,"minecraft:mob_kills":2,"minecraft:drop":1,"minecraft:damage_dealt":200,"minecraft:swim_one_cm":15667,"minecraft:interact_with_crafting_table":6,"minecraft:fly_one_cm":320804,"minecraft:open_chest":3,"minecraft:crouch_one_cm":741,"minecraft:play_time":37680,"minecraft:sneak_time":206,"minecraft:walk_under_water_one_cm":3749,"minecraft:pot_flower":1,"minecraft:jump":1272,"minecraft:leave_game":1,"minecraft:walk_on_water_one_cm":8175,"minecraft:time_since_death":37680,"minecraft:climb_one_cm":2090,"minecraft:total_world_time":37680,"minecraft:fall_one_cm":23153}},"DataVersion":3463}