{"stats":{"minecraft:dropped":{"minecraft:stick":1},"minecraft:used":{"minecraft:dirt":1},"minecraft:picked_up":{"minecraft:stick":1,"minecraft:dirt":1},"minecraft:mined":{"minecraft:grass_block":1},"minecraft:custom":{"minecraft:jump":232,"minecraft:time_since_rest":7064,"minecraft:damage_dealt":40,"minecraft:walk_on_water_one_cm":652,"minecraft:play_time":7064,"minecraft:crouch_one_cm":64,"minecraft:leave_game":3,"minecraft:sprint_one_cm":27602,"minecraft:damage_taken":226,"minecraft:time_since_death":7064,"minecraft:walk_one_cm":10237,"minecraft:sneak_time":7,"minecraft:total_world_time":7064,"minecraft:drop":1,"minecraft:player_kills":1,"minecraft:fall_one_cm":1614,"minecraft:fly_one_cm":96960}},"DataVersion":3463}