{"stats":{"minecraft:picked_up":{"minecraft:dirt":1},"minecraft:custom":{"minecraft:jump":19,"minecraft:time_since_rest":959,"minecraft:leave_game":1,"minecraft:crouch_one_cm":64,"minecraft:sprint_one_cm":5167,"minecraft:play_time":959,"minecraft:time_since_death":959,"minecraft:walk_one_cm":2282,"minecraft:sneak_time":7,"minecraft:total_world_time":959,"minecraft:fall_one_cm":836,"minecraft:fly_one_cm":5603},"minecraft:used":{"minecraft:dirt":1},"minecraft:mined":{"minecraft:grass_block":1}},"DataVersion":3463}