{"stats":{"minecraft:killed":{"minecraft:sheep":4,"minecraft:zombie":2,"minecraft:pig":1,"minecraft:chicken":1,"minecraft:salmon":1,"minecraft:spider":1},"minecraft:dropped":{"minecraft:spruce_planks":20,"minecraft:stick":1},"minecraft:broken":{"minecraft:stone_pickaxe":2},"minecraft:crafted":{"minecraft:wooden_sword":1,"minecraft:cooked_porkchop":1,"minecraft:crafting_table":3,"minecraft:stick":12,"minecraft:spruce_planks":28,"minecraft:iron_pickaxe":1,"minecraft:iron_ingot":5,"minecraft:wooden_pickaxe":1,"minecraft:stone_pickaxe":3,"minecraft:furnace":2,"minecraft:cooked_mutton":6,"minecraft:air":0},"minecraft:mined":{"minecraft:furnace":1,"minecraft:iron_ore":5,"minecraft:spruce_log":13,"minecraft:pumpkin":3,"minecraft:crafting_table":1,"minecraft:grass":112,"minecraft:grass_block":6,"minecraft:coal_ore":46,"minecraft:gravel":6,"minecraft:dirt":14,"minecraft:packed_ice":34,"minecraft:tall_grass":25,"minecraft:spruce_leaves":1,"minecraft:stone":192,"minecraft:diorite":22},"minecraft:used":{"minecraft:cooked_mutton":2,"minecraft:iron_pickaxe":1,"minecraft:chicken":1,"minecraft:stone_pickaxe":262,"minecraft:wooden_pickaxe":4,"minecraft:salmon":1,"minecraft:wooden_sword":29,"minecraft:dirt":2,"minecraft:cooked_porkchop":1,"minecraft:crafting_table":3,"minecraft:furnace":2,"minecraft:porkchop":1},"minecraft:killed_by":{"minecraft:polar_bear":1},"minecraft:picked_up":{"minecraft:crafting_table":1,"minecraft:stick":1,"minecraft:raw_iron":5,"minecraft:chicken":1,"minecraft:pumpkin":3,"minecraft:salmon":1,"minecraft:gravel":5,"minecraft:flint":1,"minecraft:porkchop":2,"minecraft:diorite":22,"minecraft:spruce_log":12,"minecraft:dirt":20,"minecraft:rotten_flesh":3,"minecraft:wheat_seeds":16,"minecraft:spruce_planks":20,"minecraft:mutton":6,"minecraft:coal":46,"minecraft:white_wool":4,"minecraft:cobblestone":192,"minecraft:furnace":1},"minecraft:custom":{"minecraft:time_since_rest":34246,"minecraft:interact_with_furnace":7,"minecraft:sprint_one_cm":120286,"minecraft:damage_taken":796,"minecraft:walk_one_cm":101062,"minecraft:mob_kills":10,"minecraft:drop":2,"minecraft:damage_dealt":1088,"minecraft:swim_one_cm":37291,"minecraft:interact_with_crafting_table":11,"minecraft:player_kills":1,"minecraft:fly_one_cm":363393,"minecraft:open_chest":1,"minecraft:crouch_one_cm":203,"minecraft:play_time":49545,"minecraft:deaths":2,"minecraft:sneak_time":128,"minecraft:walk_under_water_one_cm":23354,"minecraft:jump":1257,"minecraft:leave_game":4,"minecraft:time_since_death":34226,"minecraft:walk_on_water_one_cm":10974,"minecraft:total_world_time":49545,"minecraft:fall_one_cm":30102}},"DataVersion":3463}