{"stats":{"minecraft:picked_up":{"minecraft:dirt":1},"minecraft:used":{"minecraft:dirt":1},"minecraft:mined":{"minecraft:grass_block":1},"minecraft:custom":{"minecraft:jump":28,"minecraft:time_since_rest":1867,"minecraft:play_time":1867,"minecraft:crouch_one_cm":64,"minecraft:leave_game":2,"minecraft:sprint_one_cm":6650,"minecraft:time_since_death":1867,"minecraft:walk_one_cm":2995,"minecraft:sneak_time":7,"minecraft:total_world_time":1867,"minecraft:fall_one_cm":1045,"minecraft:fly_one_cm":7959}},"DataVersion":3463}