{"stats":{"minecraft:picked_up":{"minecraft:stick":2,"minecraft:spruce_log":2},"minecraft:mined":{"minecraft:spruce_log":2,"minecraft:spruce_leaves":4},"minecraft:crafted":{"minecraft:spruce_planks":8},"minecraft:custom":{"minecraft:jump":210,"minecraft:deaths":1,"minecraft:time_since_rest":3166,"minecraft:damage_dealt":16,"minecraft:walk_on_water_one_cm":1725,"minecraft:sprint_one_cm":21141,"minecraft:play_time":6447,"minecraft:damage_taken":400,"minecraft:time_since_death":3139,"minecraft:walk_one_cm":10308,"minecraft:total_world_time":6447,"minecraft:walk_under_water_one_cm":1383,"minecraft:swim_one_cm":15923,"minecraft:fall_one_cm":6033,"minecraft:fly_one_cm":66298,"minecraft:leave_game":1},"minecraft:killed_by":{"minecraft:player":1}},"DataVersion":3463}